{
    "accuracy": 0.7,
    "classification_report": {
        "Democrat": {
            "precision": 0.6744186046511628,
            "recall": 0.8787878787878788,
            "f1-score": 0.7631578947368421,
            "support": 33.0
        },
        "Republican": {
            "precision": 0.7647058823529411,
            "recall": 0.48148148148148145,
            "f1-score": 0.5909090909090909,
            "support": 27.0
        },
        "accuracy": 0.7,
        "macro avg": {
            "precision": 0.7195622435020519,
            "recall": 0.6801346801346801,
            "f1-score": 0.6770334928229665,
            "support": 60.0
        },
        "weighted avg": {
            "precision": 0.7150478796169629,
            "recall": 0.7,
            "f1-score": 0.6856459330143542,
            "support": 60.0
        }
    },
    "auc": 0.8995510662177328
}