{
    "accuracy": 0.6166666666666667,
    "classification_report": {
        "0": {
            "precision": 0.631578947368421,
            "recall": 0.7272727272727273,
            "f1-score": 0.676056338028169,
            "support": 33.0
        },
        "1": {
            "precision": 0.5909090909090909,
            "recall": 0.48148148148148145,
            "f1-score": 0.5306122448979592,
            "support": 27.0
        },
        "accuracy": 0.6166666666666667,
        "macro avg": {
            "precision": 0.611244019138756,
            "recall": 0.6043771043771043,
            "f1-score": 0.6033342914630642,
            "support": 60.0
        },
        "weighted avg": {
            "precision": 0.6132775119617225,
            "recall": 0.6166666666666667,
            "f1-score": 0.6106064961195746,
            "support": 60.0
        }
    }
}