{
    "accuracy": 0.8166666666666667,
    "classification_report": {
        "0": {
            "precision": 0.775,
            "recall": 0.9393939393939394,
            "f1-score": 0.8493150684931506,
            "support": 33.0
        },
        "1": {
            "precision": 0.9,
            "recall": 0.6666666666666666,
            "f1-score": 0.7659574468085106,
            "support": 27.0
        },
        "accuracy": 0.8166666666666667,
        "macro avg": {
            "precision": 0.8375,
            "recall": 0.803030303030303,
            "f1-score": 0.8076362576508307,
            "support": 60.0
        },
        "weighted avg": {
            "precision": 0.83125,
            "recall": 0.8166666666666667,
            "f1-score": 0.8118041387350627,
            "support": 60.0
        }
    }
}