{
    "accuracy": 0.85,
    "classification_report": {
        "0": {
            "precision": 0.8157894736842105,
            "recall": 0.9393939393939394,
            "f1-score": 0.8732394366197183,
            "support": 33.0
        },
        "1": {
            "precision": 0.9090909090909091,
            "recall": 0.7407407407407407,
            "f1-score": 0.8163265306122449,
            "support": 27.0
        },
        "accuracy": 0.85,
        "macro avg": {
            "precision": 0.8624401913875598,
            "recall": 0.8400673400673401,
            "f1-score": 0.8447829836159816,
            "support": 60.0
        },
        "weighted avg": {
            "precision": 0.8577751196172249,
            "recall": 0.85,
            "f1-score": 0.8476286289163554,
            "support": 60.0
        }
    }
}